laumann_c,claumann
"Chris Laumann",claumann
"Anushya Chandran",anushyac
"Anatoli Polkovnikov",asp28
"Claudio Chamon",chamon
"Pankaj Mehta",pankajm
"Andrei E. Ruckenstein",andreir
"Andrei Ruckenstein",andreir
"David Campbell",dkcampbe
"Anders Sandvik",sandvik
"Anders W. Sandvik",sandvik
"David Coker",coker
"Sahar Sharifzadeh",ssharifz